INSERT INTO "client" (idclient,nom,prenom,adresse) VALUES (1,'Henderson','Quamar','Ap #709-508 Sagittis Rd.'),(2,'Bray','Elmo','P.O. Box 580, 1323 Lorem, Rd.'),(3,'Murray','Josiah','5964 Ante Rd.'),(4,'Garcia','Dalton','4671 Arcu. Street'),(5,'Mcgee','Lee','5974 Vel Street'),(6,'Mathis','Devin','536-1380 Nisi Rd.'),(7,'Ross','Kennan','611-5451 Cursus Ave'),(8,'Petty','Nash','Ap #953-5463 Lorem St.'),(9,'Bond','Kato','Ap #334-1829 Tristique Av.'),(10,'Russell','Alvin','P.O. Box 349, 7192 Dictum Rd.');
INSERT INTO "client" (idclient,nom,prenom,adresse) VALUES (11,'Gallegos','Rajah','P.O. Box 572, 3622 Non, Street'),(12,'Collins','Xavier','550-490 Duis Rd.'),(13,'Maddox','Steven','405-4652 Suscipit Ave'),(14,'Duncan','Elton','354-125 Nisi Street'),(15,'Butler','Aaron','Ap #903-6534 Et Ave'),(16,'Navarro','Keith','P.O. Box 879, 8674 Vulputate Rd.'),(17,'Kelly','Baker','Ap #829-9807 Integer Road'),(18,'Burton','Ferdinand','P.O. Box 731, 1407 In, St.'),(19,'Charles','Jarrod','Ap #549-7817 Nulla. Ave'),(20,'Farley','Branden','Ap #378-7635 Lectus Road');
INSERT INTO "client" (idclient,nom,prenom,adresse) VALUES (21,'Carney','Zeus','P.O. Box 274, 2022 Ac Ave'),(22,'Foley','August','P.O. Box 445, 6301 Sem Rd.'),(23,'Bradshaw','Hammett','P.O. Box 542, 9737 A, Street'),(24,'Clayton','Cade','P.O. Box 458, 2862 Fusce Rd.'),(25,'Holland','Grant','4336 Amet Road'),(26,'Williamson','Griffin','591-7866 Mi Avenue'),(27,'Mclean','Rafael','252-4288 Sed Av.'),(28,'Soto','Francis','P.O. Box 220, 2571 Nec Avenue'),(29,'Mcclure','Caesar','Ap #981-8683 Aenean St.'),(30,'Vasquez','Guy','P.O. Box 571, 5598 Quisque St.');
INSERT INTO "client" (idclient,nom,prenom,adresse) VALUES (31,'Stanton','Colorado','Ap #181-5957 Lobortis, Av.'),(32,'Maxwell','Kareem','P.O. Box 278, 8339 Arcu. Rd.'),(33,'Roth','Brent','P.O. Box 666, 913 Scelerisque Ave'),(34,'Weiss','Lucas','Ap #974-7052 Proin St.'),(35,'Kim','Warren','9214 Ante. St.'),(36,'Cherry','Lucas','9947 Erat Av.'),(37,'Bush','Kennan','234-6783 Et Avenue'),(38,'Vaughan','Axel','P.O. Box 474, 1060 Varius Av.'),(39,'Branch','Randall','1877 Ac Rd.'),(40,'Bell','Zeus','P.O. Box 595, 8367 Pede St.');
INSERT INTO "client" (idclient,nom,prenom,adresse) VALUES (41,'Mccarty','Cade','P.O. Box 898, 8884 Tortor Ave'),(42,'Leblanc','Peter','P.O. Box 167, 2352 Nulla Street'),(43,'Weeks','Derek','610-4530 Augue, Avenue'),(44,'Chaney','Wing','7176 Arcu Rd.'),(45,'Fulton','Hector','3602 Sed Street'),(46,'Gutierrez','Damon','1066 Dictum Ave'),(47,'Tucker','Cadman','Ap #259-5306 Dolor Rd.'),(48,'Rhodes','Lee','P.O. Box 840, 8699 Augue, Rd.'),(49,'Mcgowan','Hiram','P.O. Box 855, 7685 Sed Rd.'),(50,'Rojas','Mark','Ap #300-815 Aliquet Av.');
INSERT INTO "client" (idclient,nom,prenom,adresse) VALUES (51,'Small','Lamar','8371 Et Av.'),(52,'Moody','Theodore','631-9710 Duis Avenue'),(53,'Hopper','Ishmael','P.O. Box 183, 7991 Id Av.'),(54,'Owens','Jerome','4092 At Rd.'),(55,'Richardson','Akeem','661-9390 Id, St.'),(56,'Perry','Bernard','Ap #520-2662 Vitae, St.'),(57,'Mooney','Hakeem','333-1052 Non, Av.'),(58,'Morrison','Jerome','Ap #744-3483 Fusce St.'),(59,'Burris','Lawrence','1541 Cubilia Road'),(60,'Weaver','Darius','P.O. Box 168, 353 Lectus St.');
INSERT INTO "client" (idclient,nom,prenom,adresse) VALUES (61,'Woodard','Lester','872-3665 Sollicitudin Avenue'),(62,'Mcleod','Joseph','3007 Convallis Rd.'),(63,'Oneil','Marshall','Ap #515-4471 Accumsan Avenue'),(64,'Bates','Hayden','106-1058 Massa. Rd.'),(65,'Norman','Steel','P.O. Box 939, 9214 Feugiat Road'),(66,'Wood','Zephania','P.O. Box 217, 3987 Dis Rd.'),(67,'Bradshaw','Elmo','7273 A, Rd.'),(68,'Sheppard','Rashad','559-5207 In St.'),(69,'Cotton','Macon','Ap #632-7353 Luctus Street'),(70,'Wooten','Ulysses','806 Habitant Avenue');
INSERT INTO "client" (idclient,nom,prenom,adresse) VALUES (71,'Ramos','Zane','P.O. Box 786, 2495 Porta Av.'),(72,'Meyer','Brian','P.O. Box 968, 4434 Rutrum Av.'),(73,'Gibson','Hector','495-2082 Velit Ave'),(74,'Lloyd','Gannon','444-2449 Integer St.'),(75,'Crosby','Noble','P.O. Box 744, 2913 Purus Rd.'),(76,'Farmer','Fitzgerald','P.O. Box 680, 1452 Elit Road'),(77,'Phillips','Kyle','Ap #458-7713 Sed St.'),(78,'Ewing','Basil','Ap #436-7505 Vestibulum St.'),(79,'Conley','Davis','P.O. Box 380, 9994 Accumsan St.'),(80,'Roberson','Thor','6945 Fermentum Av.');
INSERT INTO "client" (idclient,nom,prenom,adresse) VALUES (81,'Morse','Grant','Ap #845-6265 Litora Street'),(82,'Clark','Hu','P.O. Box 586, 5338 Vulputate, Street'),(83,'Mills','Ross','Ap #649-4246 Et, St.'),(84,'Craft','Philip','8777 Sed St.'),(85,'Morgan','Zachary','Ap #760-9621 Ac St.'),(86,'Sweeney','Daquan','912-4490 Neque. Av.'),(87,'Daniel','Hilel','143-863 Egestas Av.'),(88,'Huffman','Wyatt','P.O. Box 332, 3026 Convallis Av.'),(89,'Gilbert','Oren','Ap #233-9091 Neque Road'),(90,'Valenzuela','Raphael','252-8020 Non, Ave');
INSERT INTO "client" (idclient,nom,prenom,adresse) VALUES (91,'Crosby','Ray','P.O. Box 692, 4490 Feugiat Street'),(92,'Shepherd','Nathaniel','141-2247 Porttitor St.'),(93,'Hull','Ishmael','7531 Tincidunt Street'),(94,'Anderson','Curran','Ap #286-4095 Rutrum Avenue'),(95,'Patterson','Ralph','Ap #475-1363 Leo Avenue'),(96,'Hancock','Blaze','P.O. Box 445, 5070 Non, Street'),(97,'Branch','Kennedy','P.O. Box 982, 7901 Tempor St.'),(98,'Berger','Tyrone','P.O. Box 837, 344 Luctus Av.'),(99,'Phelps','Hammett','810-1053 Sodales Av.'),(100,'Kline','Owen','Ap #773-899 Urna, Ave');

INSERT INTO "architecte" (idarchi,nom,prenom,fonction,dateembauche,commission) VALUES (1,'Valencia','Raphael',' Escalve','2020-08-07 10:32:19',977),(2,'Fields','Lamar','Chef ','2020-05-15 16:42:59',21),(3,'Brown','Raphael',' Escalve','2019-04-16 20:59:46',636),(4,'Barton','Joseph',' Escalve','2019-05-09 17:37:40',854),(5,'Mcfadden','Nathaniel','Chef ','2021-02-06 23:44:10',27),(6,'Skinner','Hasad',' Escalve','2021-03-01 13:57:33',517),(7,'Todd','Owen','Chef ','2019-08-12 22:42:20',943),(8,'Carlson','Ahmed',' Escalve','2020-10-18 19:30:27',185),(9,'Stephens','Aladdin','Chef ','2021-01-14 04:16:58',577),(10,'Kirkland','Reuben',' Escalve','2019-09-26 15:19:17',736);
INSERT INTO "architecte" (idarchi,nom,prenom,fonction,dateembauche,commission) VALUES (11,'Gilmore','Yoshio','Chef ','2020-08-26 20:56:40',520),(12,'Serrano','Charles','Chef ','2020-10-30 08:59:26',875),(13,'Potts','Cole','Chef ','2019-05-20 20:48:32',197),(14,'Bryant','Xanthus','Chef ','2019-08-06 05:04:34',180),(15,'Mueller','Jackson','Chef ','2020-07-16 05:33:12',987),(16,'Gonzales','Holmes','Chef ','2019-07-31 09:14:29',893),(17,'Stark','Eric','Chef ','2019-06-30 02:33:44',821),(18,'Roth','Tate',' Escalve','2019-11-25 16:28:49',424),(19,'Stuart','Yasir',' Escalve','2019-09-05 03:11:05',669),(20,'David','Lance',' Escalve','2020-01-11 04:02:24',781);
INSERT INTO "architecte" (idarchi,nom,prenom,fonction,dateembauche,commission) VALUES (21,'Fisher','Ivan',' Escalve','2020-03-09 05:08:54',907),(22,'Keller','Cade',' Escalve','2019-07-07 00:34:39',254),(23,'Sykes','Marshall','Chef ','2020-08-16 00:07:34',285),(24,'Castillo','Oleg','Chef ','2019-11-16 18:44:47',391),(25,'Tucker','Tanner','Chef ','2020-11-19 01:10:27',373),(26,'Spears','Troy','Chef ','2021-01-12 18:29:57',252),(27,'Moody','Mason','Chef ','2020-03-01 10:21:29',647),(28,'Preston','Brent',' Escalve','2019-06-19 14:13:41',976),(29,'Hayden','Declan',' Escalve','2019-04-13 10:53:48',743),(30,'Potts','Alexander',' Escalve','2019-11-28 12:58:34',804);
INSERT INTO "architecte" (idarchi,nom,prenom,fonction,dateembauche,commission) VALUES (31,'Robinson','Aristotle','Chef ','2020-09-24 14:46:04',105),(32,'Lucas','Wade',' Escalve','2020-08-27 15:31:05',26),(33,'Casey','Zachery',' Escalve','2019-06-08 05:45:28',5),(34,'Barlow','Bradley',' Escalve','2020-08-08 08:25:32',756),(35,'Battle','Dustin',' Escalve','2019-11-20 17:37:49',631),(36,'Lang','Cairo',' Escalve','2020-06-07 12:01:43',961),(37,'Robertson','Yasir',' Escalve','2021-02-27 04:34:25',96),(38,'Woods','Graiden',' Escalve','2019-09-16 06:16:34',785),(39,'Garcia','Igor',' Escalve','2020-03-13 10:35:41',865),(40,'Mercer','Peter',' Escalve','2019-03-18 23:42:36',675);
INSERT INTO "architecte" (idarchi,nom,prenom,fonction,dateembauche,commission) VALUES (41,'Boone','Walker','Chef ','2020-08-05 21:11:28',440),(42,'Sheppard','Otto',' Escalve','2019-07-05 09:19:22',507),(43,'Case','Nathaniel','Chef ','2019-12-29 16:01:02',889),(44,'Stafford','Quamar',' Escalve','2020-01-29 11:07:17',132),(45,'Crane','Herrod',' Escalve','2019-06-18 15:49:31',222),(46,'George','Kermit',' Escalve','2021-02-07 01:12:26',700),(47,'Waters','Dalton',' Escalve','2020-03-08 03:51:02',207),(48,'Ramsey','Evan','Chef ','2021-01-20 11:34:34',54),(49,'Mccall','Brandon','Chef ','2019-04-03 10:34:52',984),(50,'Horne','Scott',' Escalve','2019-06-12 02:47:55',275);
INSERT INTO "architecte" (idarchi,nom,prenom,fonction,dateembauche,commission) VALUES (51,'Maynard','Laith','Chef ','2020-04-13 16:33:20',389),(52,'Preston','Alan',' Escalve','2020-05-11 07:17:29',986),(53,'Franks','Allistair',' Escalve','2020-10-12 15:34:16',309),(54,'Hooper','Leroy','Chef ','2019-07-12 02:35:07',736),(55,'Boone','Kasimir','Chef ','2020-04-01 00:34:08',721),(56,'Stanton','Magee','Chef ','2019-08-25 17:46:42',754),(57,'Fischer','Anthony','Chef ','2019-05-04 12:54:14',391),(58,'Ferguson','Bruno',' Escalve','2020-05-02 00:59:09',372),(59,'Day','August',' Escalve','2019-12-12 13:25:10',880),(60,'Rich','Sean','Chef ','2019-12-27 17:25:28',558);
INSERT INTO "architecte" (idarchi,nom,prenom,fonction,dateembauche,commission) VALUES (61,'Manning','Cairo','Chef ','2020-12-27 21:03:50',44),(62,'Golden','Anthony','Chef ','2019-04-08 20:49:44',318),(63,'Donovan','Keane',' Escalve','2021-02-14 00:47:44',930),(64,'Mckay','Bevis','Chef ','2019-09-03 05:33:13',138),(65,'Holloway','Christopher',' Escalve','2020-03-05 15:54:11',624),(66,'Bernard','Hunter',' Escalve','2019-08-20 10:20:56',227),(67,'Duran','Orlando','Chef ','2020-02-28 21:13:59',36),(68,'Phelps','Josiah',' Escalve','2019-06-02 04:57:26',877),(69,'Terry','Barclay','Chef ','2020-06-29 15:08:58',222),(70,'Hodge','Cyrus',' Escalve','2019-05-31 08:56:01',748);
INSERT INTO "architecte" (idarchi,nom,prenom,fonction,dateembauche,commission) VALUES (71,'Gay','Trevor','Chef ','2019-05-31 22:10:11',118),(72,'Snider','Hoyt',' Escalve','2019-05-26 11:07:57',52),(73,'Spears','Zeus',' Escalve','2019-09-20 08:45:49',186),(74,'Acosta','Micah',' Escalve','2021-02-16 14:19:50',27),(75,'Curry','Gage',' Escalve','2019-05-10 07:52:57',185),(76,'Mendez','Cole',' Escalve','2019-04-13 22:43:59',621),(77,'Hatfield','Cadman','Chef ','2019-12-20 01:58:42',528),(78,'Hutchinson','Gil',' Escalve','2020-03-03 11:05:33',336),(79,'Vega','Kuame',' Escalve','2019-10-09 04:40:47',560),(80,'Conrad','Norman',' Escalve','2021-02-15 19:58:41',13);
INSERT INTO "architecte" (idarchi,nom,prenom,fonction,dateembauche,commission) VALUES (81,'Benjamin','Yoshio',' Escalve','2020-03-26 13:09:46',244),(82,'Malone','Akeem','Chef ','2020-05-10 07:32:24',834),(83,'Woodward','Perry','Chef ','2020-01-07 02:11:14',758),(84,'Ortega','Kamal','Chef ','2020-12-26 05:10:35',725),(85,'Bradford','Damian',' Escalve','2021-02-06 11:44:17',546),(86,'Ramos','Demetrius',' Escalve','2020-11-08 03:09:28',833),(87,'Griffith','Galvin',' Escalve','2019-08-23 02:28:16',208),(88,'Craig','Fulton',' Escalve','2020-03-14 23:29:01',491),(89,'Frederick','Conan','Chef ','2019-04-26 22:22:15',299),(90,'Carter','Igor','Chef ','2019-12-09 16:58:26',737);
INSERT INTO "architecte" (idarchi,nom,prenom,fonction,dateembauche,commission) VALUES (91,'Bruce','Coby','Chef ','2020-04-21 14:33:47',686),(92,'Flowers','Cullen',' Escalve','2020-12-24 17:46:56',652),(93,'Roy','Edan','Chef ','2019-05-31 22:19:27',177),(94,'Robles','Peter','Chef ','2019-12-21 00:53:45',71),(95,'Gregory','Hall','Chef ','2019-06-13 23:17:57',384),(96,'Keller','Timothy','Chef ','2020-11-24 20:36:46',837),(97,'Daniels','Jared',' Escalve','2020-06-26 15:36:02',227),(98,'Wheeler','Channing','Chef ','2020-05-16 07:12:48',931),(99,'Zamora','Laith',' Escalve','2019-12-09 09:22:00',240),(100,'Mann','Linus','Chef ','2020-05-25 00:56:02',872);

INSERT INTO "artisan" (idartisan,nom,corpsmetier,adresse) VALUES (1,'Peterson',' Plombier','P.O. Box 349, 5963 Elit. Rd.'),(2,'Eaton',' Electricien ','Ap #550-7989 Sem, Av.'),(3,'Richmond','Ouvrier ','Ap #946-6410 Vulputate Street'),(4,'Cooley','Ouvrier ','P.O. Box 357, 5453 Urna Rd.'),(5,'Hancock',' Plombier','468-1981 Ante Road'),(6,'Waters',' Plombier','P.O. Box 767, 115 Nec Rd.'),(7,'Carrillo',' Plombier','758-1783 Mi. Road'),(8,'Larsen',' Electricien ','2967 Euismod Avenue'),(9,'Goff',' Plombier','935-7404 Massa Rd.'),(10,'Mckee',' Electricien ','2927 Ut Road');
INSERT INTO "artisan" (idartisan,nom,corpsmetier,adresse) VALUES (11,'Stevens',' Plombier','501-6626 Penatibus Rd.'),(12,'Patton','Ouvrier ','528-2668 Augue Av.'),(13,'Farrell',' Electricien ','9750 Mus. Rd.'),(14,'Watson','Ouvrier ','4486 At Rd.'),(15,'Beach',' Plombier','122-2629 Fusce Rd.'),(16,'Franco',' Plombier','P.O. Box 360, 4346 Nonummy Rd.'),(17,'Kemp',' Plombier','625-2568 Et Street'),(18,'Potter',' Electricien ','P.O. Box 487, 6673 Sed St.'),(19,'Delacruz',' Electricien ','P.O. Box 914, 3254 Rhoncus. Av.'),(20,'Kirby','Ouvrier ','P.O. Box 775, 611 Vel, Rd.');
INSERT INTO "artisan" (idartisan,nom,corpsmetier,adresse) VALUES (21,'Harrington',' Plombier','4707 Cursus St.'),(22,'Walker',' Plombier','P.O. Box 891, 8287 Neque St.'),(23,'Evans',' Plombier','165-2715 Scelerisque St.'),(24,'Gamble','Ouvrier ','220-6976 Morbi Rd.'),(25,'Daniel','Ouvrier ','379-3008 In St.'),(26,'Pugh','Ouvrier ','7725 Non Street'),(27,'Glass','Ouvrier ','7752 Nisi. St.'),(28,'Turner','Ouvrier ','P.O. Box 868, 410 Fusce Road'),(29,'Cobb',' Plombier','241-5317 Dapibus Road'),(30,'Parks','Ouvrier ','581 Risus. Rd.');
INSERT INTO "artisan" (idartisan,nom,corpsmetier,adresse) VALUES (31,'Head',' Plombier','Ap #319-4328 Tortor Rd.'),(32,'Koch','Ouvrier ','Ap #173-6420 Hendrerit Street'),(33,'Oneil','Ouvrier ','591-1883 In Rd.'),(34,'Walker','Ouvrier ','P.O. Box 141, 7006 Malesuada Rd.'),(35,'Byrd',' Plombier','4734 Parturient Rd.'),(36,'Whitley','Ouvrier ','Ap #200-8716 Eu Street'),(37,'Hurley',' Electricien ','731-3178 Orci, Rd.'),(38,'Nixon',' Plombier','8508 Donec Avenue'),(39,'Gaines','Ouvrier ','834-7042 In Rd.'),(40,'Moody',' Electricien ','8029 Curabitur St.');
INSERT INTO "artisan" (idartisan,nom,corpsmetier,adresse) VALUES (41,'Acevedo','Ouvrier ','842 Vitae Road'),(42,'Bernard',' Electricien ','793-7870 Ut Rd.'),(43,'Cain','Ouvrier ','4655 Mattis. Avenue'),(44,'Steele',' Electricien ','P.O. Box 644, 3877 Leo. Rd.'),(45,'Stout','Ouvrier ','992 Lectus Rd.'),(46,'Walters','Ouvrier ','1412 Faucibus Av.'),(47,'Snow','Ouvrier ','Ap #431-7899 Velit. St.'),(48,'Cook','Ouvrier ','Ap #906-1916 Urna St.'),(49,'Walters',' Electricien ','P.O. Box 461, 5376 Mauris. Rd.'),(50,'Aguirre','Ouvrier ','9564 Vel, Rd.');
INSERT INTO "artisan" (idartisan,nom,corpsmetier,adresse) VALUES (51,'Bond',' Plombier','P.O. Box 239, 9432 Vitae, St.'),(52,'Beard','Ouvrier ','Ap #525-9468 Erat. Rd.'),(53,'Larsen',' Electricien ','Ap #148-283 Nec St.'),(54,'Barrera',' Plombier','P.O. Box 162, 2019 Erat Rd.'),(55,'Gallagher',' Plombier','Ap #615-8120 A Avenue'),(56,'Vaughan',' Electricien ','Ap #982-9873 Pretium Rd.'),(57,'House',' Electricien ','697-8336 Enim, Ave'),(58,'Ferguson','Ouvrier ','442-7009 Accumsan Rd.'),(59,'Conner','Ouvrier ','693-9088 Eu St.'),(60,'Giles',' Electricien ','6521 Nulla Rd.');
INSERT INTO "artisan" (idartisan,nom,corpsmetier,adresse) VALUES (61,'Collins',' Electricien ','3682 At St.'),(62,'Valentine',' Electricien ','7742 Faucibus. Ave'),(63,'Thomas','Ouvrier ','P.O. Box 836, 4502 Consectetuer, Av.'),(64,'Reynolds','Ouvrier ','857-1227 A Rd.'),(65,'Gilmore',' Electricien ','3514 Vitae Av.'),(66,'Solis',' Plombier','450-5505 Suspendisse Avenue'),(67,'Horne','Ouvrier ','P.O. Box 417, 4740 Sagittis Ave'),(68,'Mcpherson',' Electricien ','5039 Sem Street'),(69,'Dean',' Electricien ','717-2626 In Road'),(70,'Hess',' Plombier','P.O. Box 243, 5626 Enim Av.');
INSERT INTO "artisan" (idartisan,nom,corpsmetier,adresse) VALUES (71,'Key',' Electricien ','9555 In Ave'),(72,'Page',' Electricien ','7979 Orci. Rd.'),(73,'Lane',' Plombier','352-2107 Sem St.'),(74,'Hodge',' Electricien ','6059 Nulla Street'),(75,'Mclean',' Electricien ','3987 Nec Street'),(76,'Shepherd',' Plombier','3858 Consectetuer, Avenue'),(77,'Barton','Ouvrier ','1078 At Ave'),(78,'Mercado',' Electricien ','P.O. Box 688, 1707 Aliquam Street'),(79,'Massey',' Plombier','P.O. Box 639, 5889 Elit St.'),(80,'Swanson',' Electricien ','778-3578 Netus Road');
INSERT INTO "artisan" (idartisan,nom,corpsmetier,adresse) VALUES (81,'Merrill',' Electricien ','P.O. Box 493, 802 Lacus. Avenue'),(82,'Hines','Ouvrier ','P.O. Box 560, 5076 Risus. Road'),(83,'Marsh',' Plombier','190-5914 Mattis St.'),(84,'Cole',' Electricien ','Ap #314-3933 Eget Rd.'),(85,'Freeman','Ouvrier ','Ap #942-9383 Cras St.'),(86,'Allison',' Electricien ','P.O. Box 876, 1410 Felis Av.'),(87,'Perkins',' Plombier','6633 Ut, Av.'),(88,'Stevenson',' Plombier','2331 Euismod Avenue'),(89,'Lamb',' Electricien ','475-7070 Pellentesque Rd.'),(90,'Wiggins',' Plombier','202-1468 Arcu Ave');
INSERT INTO "artisan" (idartisan,nom,corpsmetier,adresse) VALUES (91,'Potts','Ouvrier ','440-1999 Justo. Avenue'),(92,'Burton',' Plombier','Ap #698-4037 Est, St.'),(93,'Buchanan',' Electricien ','Ap #902-6577 Mollis Rd.'),(94,'Adams',' Plombier','P.O. Box 673, 7318 Risus Road'),(95,'Carey',' Electricien ','559-7512 Consectetuer, Av.'),(96,'Sutton',' Electricien ','P.O. Box 551, 7763 Lacus. Ave'),(97,'Carson',' Plombier','P.O. Box 916, 1874 Ante St.'),(98,'Morrison',' Plombier','Ap #358-7677 Est. St.'),(99,'Lowe',' Plombier','Ap #335-886 Orci Road'),(100,'Snow',' Electricien ','971-3650 Porttitor Av.');

INSERT INTO "projet" (idprojet,intitule,montant,etat,idclient,idarchi) VALUES (1,'Aliquam',848,'0',9,32),(2,'non',512,'0',50,19),(3,'aliquet',15,'1',78,52),(4,'vulputate',244,'0',31,93),(5,'semper',4,'1',80,81),(6,'pellentesque,',670,'1',62,21),(7,'ultrices,',500,'1',14,83),(8,'placerat',636,'1',100,86),(9,'neque.',920,'1',66,40),(10,'Maecenas',609,'0',2,8);
INSERT INTO "projet" (idprojet,intitule,montant,etat,idclient,idarchi) VALUES (11,'Donec',668,'1',73,53),(12,'dapibus',593,'0',97,43),(13,'sed',423,'1',94,25),(14,'enim',769,'1',18,69),(15,'dui.',664,'0',70,65),(16,'adipiscing',709,'0',74,75),(17,'dictum',473,'0',51,74),(18,'leo,',955,'0',79,22),(19,'pede.',880,'0',96,81),(20,'et,',332,'0',36,70);
INSERT INTO "projet" (idprojet,intitule,montant,etat,idclient,idarchi) VALUES (21,'ut,',840,'1',15,45),(22,'ultrices,',789,'0',85,73),(23,'ac',366,'1',81,24),(24,'a,',31,'0',63,100),(25,'condimentum.',953,'1',52,18),(26,'in',21,'1',94,48),(27,'aliquam,',507,'1',73,90),(28,'consequat',203,'0',18,20),(29,'arcu',361,'0',73,21),(30,'Donec',915,'0',48,1);
INSERT INTO "projet" (idprojet,intitule,montant,etat,idclient,idarchi) VALUES (31,'Phasellus',468,'0',16,28),(32,'lorem,',813,'1',63,86),(33,'lacus',587,'1',76,92),(34,'non,',674,'1',70,85),(35,'adipiscing.',681,'1',15,33),(36,'porta',769,'1',68,52),(37,'consectetuer,',246,'1',99,35),(38,'semper',325,'1',33,42),(39,'dictum',394,'1',54,50),(40,'Curabitur',138,'1',19,15);
INSERT INTO "projet" (idprojet,intitule,montant,etat,idclient,idarchi) VALUES (41,'semper',556,'1',55,9),(42,'at,',141,'1',28,83),(43,'erat.',274,'0',22,51),(44,'nunc',63,'1',43,17),(45,'non,',471,'0',5,66),(46,'massa',247,'0',75,11),(47,'Vivamus',139,'0',67,49),(48,'Vestibulum',779,'0',93,89),(49,'consequat',248,'0',5,44),(50,'sed',874,'0',38,46);
INSERT INTO "projet" (idprojet,intitule,montant,etat,idclient,idarchi) VALUES (51,'sit',425,'0',74,81),(52,'vehicula',713,'0',62,45),(53,'Suspendisse',905,'1',27,22),(54,'id',315,'1',48,99),(55,'dignissim',228,'0',5,22),(56,'arcu',795,'1',18,81),(57,'mus.',749,'1',31,22),(58,'dolor',806,'1',10,62),(59,'Fusce',387,'0',51,3),(60,'Quisque',693,'0',14,19);
INSERT INTO "projet" (idprojet,intitule,montant,etat,idclient,idarchi) VALUES (61,'elit.',429,'1',41,45),(62,'Aliquam',462,'1',45,81),(63,'posuere',21,'0',91,80),(64,'est',114,'1',79,49),(65,'aptent',856,'1',2,76),(66,'lorem,',844,'0',95,86),(67,'Phasellus',564,'0',87,77),(68,'urna,',454,'1',30,91),(69,'diam.',152,'0',74,2),(70,'viverra.',287,'0',25,87);
INSERT INTO "projet" (idprojet,intitule,montant,etat,idclient,idarchi) VALUES (71,'ridiculus',790,'0',29,35),(72,'parturient',342,'1',11,14),(73,'In',430,'0',15,95),(74,'vulputate',827,'1',22,63),(75,'sed,',681,'1',62,72),(76,'vitae',238,'0',73,80),(77,'ac',428,'1',7,38),(78,'mi',88,'0',75,69),(79,'malesuada',504,'0',76,96),(80,'magna.',234,'1',15,62);
INSERT INTO "projet" (idprojet,intitule,montant,etat,idclient,idarchi) VALUES (81,'pharetra.',591,'1',76,62),(82,'lacus',305,'1',23,87),(83,'Sed',872,'0',4,86),(84,'est',191,'0',19,11),(85,'Vivamus',889,'0',48,69),(86,'vulputate',928,'1',71,22),(87,'diam',972,'1',24,84),(88,'purus,',238,'1',55,28),(89,'eu',75,'1',43,85),(90,'lacus.',428,'1',98,67);
INSERT INTO "projet" (idprojet,intitule,montant,etat,idclient,idarchi) VALUES (91,'pede',853,'1',99,64),(92,'turpis',476,'0',16,54),(93,'lacus.',361,'1',12,60),(94,'sit',155,'0',18,65),(95,'eget',817,'1',71,61),(96,'vestibulum',278,'1',57,89),(97,'Integer',414,'0',48,13),(98,'posuere',804,'0',16,6),(99,'lacinia.',950,'1',16,28),(100,'interdum',184,'0',96,28);

INSERT INTO "chantier" (idchantier,datedebut,datefin,budget,idartisan,idprojet) VALUES (1,'2020-07-31 14:13:52','2019-08-09 15:52:15',396,60,62),(2,'2019-04-25 03:15:17','2020-07-20 05:11:33',706,94,99),(3,'2019-11-09 08:33:46','2019-11-18 02:47:24',109,73,5),(4,'2019-11-14 19:46:53','2019-04-08 19:26:25',107,83,64),(5,'2020-10-26 09:36:36','2019-11-11 14:14:53',544,34,63),(6,'2020-06-22 02:46:06','2020-08-26 04:19:22',752,48,62),(7,'2019-11-19 11:21:39','2019-04-24 19:23:41',149,23,25),(8,'2020-10-25 09:36:49','2020-04-24 10:27:15',244,100,18),(9,'2021-02-16 21:32:11','2019-04-29 05:38:08',169,87,13),(10,'2019-08-05 16:07:06','2020-06-28 21:43:52',875,1,70);
INSERT INTO "chantier" (idchantier,datedebut,datefin,budget,idartisan,idprojet) VALUES (11,'2019-05-30 11:24:08','2021-03-04 11:41:11',960,80,86),(12,'2020-08-11 03:11:31','2020-11-16 08:37:07',474,76,84),(13,'2020-09-22 04:54:54','2020-05-18 22:23:42',178,85,82),(14,'2019-12-11 07:57:59','2019-08-25 15:43:09',468,20,6),(15,'2021-03-05 13:30:33','2019-09-04 14:02:05',534,53,39),(16,'2019-11-30 14:16:53','2019-10-28 18:46:35',193,52,52),(17,'2019-09-22 22:24:41','2020-10-12 14:19:08',40,37,38),(18,'2020-05-30 22:04:18','2020-12-22 20:09:50',137,83,2),(19,'2021-01-01 02:20:56','2020-08-21 02:11:43',593,1,95),(20,'2020-04-04 07:12:40','2019-06-08 05:38:53',567,79,11);
INSERT INTO "chantier" (idchantier,datedebut,datefin,budget,idartisan,idprojet) VALUES (21,'2019-06-02 20:25:15','2020-05-10 10:27:16',731,25,58),(22,'2019-04-16 05:36:16','2019-04-27 07:47:12',241,1,11),(23,'2021-01-13 13:19:50','2020-07-23 19:42:33',793,67,53),(24,'2021-01-10 19:35:29','2019-06-09 08:06:32',142,74,65),(25,'2020-01-15 07:50:38','2020-06-15 08:27:45',54,90,18),(26,'2020-01-15 04:15:37','2020-09-09 13:01:05',335,50,74),(27,'2021-02-13 03:55:14','2020-04-28 23:38:29',219,87,1),(28,'2019-11-23 04:00:27','2021-02-03 00:18:40',236,46,45),(29,'2020-03-07 13:33:11','2021-02-01 10:44:06',463,25,6),(30,'2020-09-10 10:29:30','2019-08-13 20:50:18',301,40,94);
INSERT INTO "chantier" (idchantier,datedebut,datefin,budget,idartisan,idprojet) VALUES (31,'2020-05-16 06:22:45','2020-04-07 15:00:04',747,70,41),(32,'2020-03-30 19:05:45','2019-05-14 09:22:10',576,42,71),(33,'2019-11-10 20:59:00','2019-07-18 14:04:59',673,75,2),(34,'2020-03-24 10:51:04','2020-02-02 17:50:43',429,91,63),(35,'2020-03-26 07:25:20','2020-08-23 06:24:31',468,3,3),(36,'2020-12-15 09:00:42','2019-03-09 22:40:24',700,22,45),(37,'2021-01-04 13:14:25','2021-01-12 00:11:06',185,71,31),(38,'2020-08-09 01:34:45','2020-08-19 10:24:43',29,78,8),(39,'2019-10-17 02:16:00','2020-12-20 03:49:34',745,6,45),(40,'2020-10-03 10:45:06','2020-01-13 04:13:50',995,34,2);
INSERT INTO "chantier" (idchantier,datedebut,datefin,budget,idartisan,idprojet) VALUES (41,'2021-02-12 00:07:01','2021-02-12 16:02:00',519,25,4),(42,'2020-08-10 19:02:19','2019-05-09 17:38:32',860,99,76),(43,'2019-11-30 17:45:39','2019-06-24 14:23:30',571,100,98),(44,'2019-04-23 14:58:12','2019-09-23 14:23:13',411,84,38),(45,'2020-04-08 01:48:07','2021-01-12 06:29:21',129,18,46),(46,'2020-11-30 18:54:56','2020-09-22 11:41:58',313,70,15),(47,'2019-09-07 07:59:53','2020-02-06 15:37:47',121,17,55),(48,'2020-04-16 13:38:06','2019-11-22 03:07:35',53,43,57),(49,'2020-04-21 06:25:05','2020-08-09 16:53:36',371,52,100),(50,'2021-03-06 00:32:40','2020-05-23 00:23:09',918,48,12);
INSERT INTO "chantier" (idchantier,datedebut,datefin,budget,idartisan,idprojet) VALUES (51,'2019-10-11 08:05:35','2019-07-08 15:17:50',617,79,85),(52,'2019-04-05 10:48:49','2021-02-18 06:17:05',14,16,73),(53,'2020-07-27 07:27:26','2019-08-28 14:33:27',841,40,79),(54,'2020-03-13 01:45:30','2019-07-18 19:54:49',591,47,57),(55,'2020-04-22 13:56:19','2021-02-22 22:36:54',492,43,57),(56,'2020-03-06 19:51:21','2020-05-18 21:09:31',37,33,15),(57,'2019-07-02 03:05:55','2020-02-12 02:33:30',768,20,28),(58,'2021-01-06 09:23:15','2020-05-12 15:00:11',81,23,34),(59,'2020-08-06 07:25:33','2019-09-25 19:39:52',581,100,90),(60,'2020-03-31 20:27:03','2020-07-14 14:54:52',536,22,16);
INSERT INTO "chantier" (idchantier,datedebut,datefin,budget,idartisan,idprojet) VALUES (61,'2020-02-14 04:50:20','2020-05-17 22:53:20',957,4,97),(62,'2019-09-21 10:51:07','2019-12-28 15:54:35',21,85,52),(63,'2020-02-08 19:55:52','2019-10-29 17:23:45',25,26,3),(64,'2019-10-14 19:24:11','2019-04-12 14:56:44',41,36,16),(65,'2019-12-31 19:08:08','2020-04-09 16:49:22',600,50,86),(66,'2019-06-05 17:59:50','2020-11-17 23:38:50',29,74,90),(67,'2019-10-27 04:05:04','2019-09-08 14:31:49',308,9,28),(68,'2019-07-06 23:00:18','2020-12-13 19:28:29',374,74,88),(69,'2019-12-08 01:05:08','2019-12-22 04:50:33',746,51,4),(70,'2021-01-14 02:57:41','2019-09-29 17:04:22',919,77,71);
INSERT INTO "chantier" (idchantier,datedebut,datefin,budget,idartisan,idprojet) VALUES (71,'2020-12-08 01:53:07','2020-11-09 12:09:32',794,39,81),(72,'2019-11-25 21:40:36','2019-05-30 08:20:55',905,43,2),(73,'2019-04-25 07:49:44','2019-12-31 09:26:59',726,73,57),(74,'2020-10-07 11:38:19','2019-11-30 05:44:09',621,90,17),(75,'2020-04-11 03:00:24','2020-06-25 01:11:16',610,8,47),(76,'2020-06-30 15:08:53','2019-11-28 22:11:37',56,21,75),(77,'2019-03-21 14:30:31','2019-05-14 02:04:33',859,31,98),(78,'2020-01-31 04:33:02','2020-04-12 06:07:04',994,3,58),(79,'2019-09-10 10:29:09','2019-03-25 23:30:20',901,71,28),(80,'2020-04-29 14:55:18','2020-08-26 18:43:17',298,91,44);
INSERT INTO "chantier" (idchantier,datedebut,datefin,budget,idartisan,idprojet) VALUES (81,'2021-02-14 06:21:18','2020-03-18 16:08:06',670,11,57),(82,'2019-09-21 23:06:32','2020-04-14 14:18:41',364,86,83),(83,'2020-02-25 13:32:21','2020-07-20 23:23:23',714,83,13),(84,'2021-01-12 18:28:53','2020-09-07 13:10:02',754,31,49),(85,'2019-11-12 14:42:31','2020-05-17 19:44:51',214,56,85),(86,'2020-12-24 09:36:56','2019-10-06 09:00:28',262,87,30),(87,'2020-11-21 19:27:01','2020-04-22 04:17:40',172,37,30),(88,'2019-07-13 05:24:47','2020-01-13 03:58:26',885,48,98),(89,'2019-06-14 01:49:38','2019-09-06 09:49:39',782,61,38),(90,'2020-06-04 18:32:37','2021-02-13 12:17:42',208,64,26);
INSERT INTO "chantier" (idchantier,datedebut,datefin,budget,idartisan,idprojet) VALUES (91,'2019-07-23 15:01:31','2020-12-06 00:25:13',773,38,31),(92,'2019-05-03 10:59:52','2019-03-22 02:53:37',971,23,60),(93,'2020-08-30 04:58:24','2020-11-03 12:51:40',389,68,63),(94,'2020-01-08 19:39:05','2019-03-29 13:48:38',648,2,66),(95,'2019-11-24 23:14:18','2020-04-04 10:40:50',448,10,56),(96,'2019-12-08 02:07:52','2019-05-24 15:55:50',322,28,47),(97,'2020-07-16 08:50:40','2019-12-07 17:23:18',114,93,28),(98,'2020-01-15 16:38:09','2020-02-13 20:38:12',225,63,68),(99,'2020-10-05 03:12:08','2020-10-21 18:23:32',890,17,99),(100,'2020-04-22 06:02:42','2020-09-17 11:55:19',701,11,13);
